episode,outcome,score_margin,blue_strategic_score,red_strategic_score,blue_reward,red_reward,mean_tension,final_tension,final_stability,military_balance,coalition_strength,resource_leverage,clamps,commitments_blue,commitments_red,blue_unique_actions,red_unique_actions,blue_entropy_norm,red_entropy_norm
0,red,-0.12138075486074379,0.06830982256962811,0.1896905774303719,10.196406277957866,7.9749454723015765,0.763871692495681,0.82,0.45,0.48726622256962815,0.86588,0.43000000000000005,2,2,4,12,11,0.7236486330430001,0.700617539328934
1,draw,-0.09367319639514982,0.08588360180242507,0.1795567981975749,10.27240867729066,7.510754001233576,0.750441183449325,0.82,0.45,0.4974000018024251,0.87788,0.43000000000000005,1,2,1,11,11,0.7067679487408703,0.6529807713473709
2,draw,-0.10951811084937962,0.07531994457531019,0.1848380554246898,11.498222017342854,7.8342021439221154,0.7397842969888055,0.82,0.45,0.49211874457531024,0.8693599999999999,0.43000000000000005,0,0,1,10,10,0.6987211411471911,0.6468248012851285
3,draw,-0.10056584139750158,0.08080047930124926,0.18136632069875083,11.676654714193678,8.213695541814694,0.7514404296825181,0.82,0.45,0.4955904793012492,0.8726,0.43000000000000005,0,0,0,10,11,0.7011021930894574,0.7048282793032611
4,draw,-0.10672471251985716,0.07779544374007144,0.1845201562599286,10.743916625991233,5.579025709004871,0.7671098514430355,0.82,0.46454399689863796,0.4924366437400714,0.8728400000000001,0.43000000000000005,2,4,4,11,12,0.7114893988532123,0.700906815972869
5,draw,-0.10621805125181083,0.0759655743740946,0.18218362562590543,11.390524217071738,7.35341580990303,0.7405130131144122,0.82,0.45,0.49477317437409457,0.86612,0.43000000000000005,0,1,1,12,10,0.7029523768480744,0.6717273836044538
6,draw,-0.11635408970660532,0.07000475514669738,0.1863588448533027,11.04719913674497,7.878540654461791,0.7515471650686683,0.82,0.45,0.49059795514669735,0.86324,0.43000000000000005,2,2,3,12,13,0.7310966006652176,0.6910622612569016
7,red,-0.12200232509873515,0.07097503745063247,0.19297736254936762,10.120299605216356,8.205237939408525,0.7500434801711464,0.82,0.45,0.48397943745063243,0.87548,0.43000000000000005,3,2,5,14,11,0.7381558314636445,0.70000295516208
8,draw,-0.10336587122142371,0.07534566438928816,0.17871153561071187,10.176202135066731,7.71724329580223,0.720925744204074,0.82,0.45,0.4982452643892881,0.8595200000000001,0.43000000000000005,2,1,0,12,11,0.7196683633062018,0.6904456596819202
9,draw,-0.10847651084937959,0.07636154457531022,0.1848380554246898,10.166288916174217,7.661636839956314,0.7416954433816436,0.82,0.45,0.49211874457531024,0.8710399999999999,0.43000000000000005,1,0,1,11,11,0.6683459538391173,0.6747323941392032
10,draw,-0.10669211319312033,0.07706774340343983,0.18375985659656016,10.403736810370525,7.167924062895572,0.7315665228010635,0.82,0.45,0.49319694340343984,0.87044,0.43000000000000005,1,3,3,12,10,0.7138704507951639,0.69737033718081
11,draw,-0.10115885125181084,0.08102477437409458,0.18218362562590543,11.437193707124207,7.613781467391667,0.7462397759607725,0.82,0.45,0.49477317437409457,0.8742800000000001,0.43000000000000005,0,1,1,11,10,0.6864879564295799,0.6821040147933707
12,draw,-0.10907171084937961,0.0757663445753102,0.1848380554246898,10.539683388084875,8.453158901952653,0.7331572439681049,0.82,0.45,0.49211874457531024,0.87008,0.43000000000000005,3,0,1,11,12,0.6768875987377768,0.7003861313343059
13,draw,-0.11420531084937963,0.07063274457531019,0.1848380554246898,9.295584636370805,6.399679832860244,0.766024883392555,0.82,0.45,0.49211874457531024,0.8617999999999999,0.43000000000000005,1,0,1,11,12,0.6468084935453917,0.6973372494690855
14,draw,-0.10855091084937957,0.07628714457531025,0.1848380554246898,10.928133959808182,8.189458580834003,0.7172966098859467,0.82,0.45302639088651836,0.49211874457531024,0.87092,0.43000000000000005,3,0,1,11,12,0.6944992798713081,0.7000231132067705
15,draw,-0.0929568744998826,0.0856837627500587,0.1786406372499413,10.882465648992083,7.277218899683908,0.7567492859206228,0.82,0.45,0.49831616275005874,0.87608,0.43000000000000005,0,5,3,11,10,0.6960332600004345,0.6879908662566832
16,draw,-0.11299171813029885,0.0726159409348506,0.18560765906514945,9.5419887165573,6.243157475601809,0.7673739145985016,0.82,0.45,0.49134914093485055,0.8662400000000001,0.43000000000000005,0,1,2,12,10,0.7193843096303927,0.6603091207459865
17,draw,-0.1045068512518108,0.07767677437409462,0.18218362562590543,11.12592420837174,6.450204307389847,0.7357203563969982,0.82,0.45,0.49477317437409457,0.8688800000000001,0.43000000000000005,0,1,1,12,10,0.7399027412692855,0.6668733856021056
18,draw,-0.11337589134992226,0.07443265432503884,0.1878085456749611,10.256014538705553,5.605336227477175,0.7782732794994375,0.82,0.45,0.4891482543250389,0.8727199999999999,0.43000000000000005,1,4,5,12,10,0.7366435472115416,0.6894349696767506
19,draw,-0.1169329550475543,0.07157532247622292,0.18850827752377722,8.879550076587101,6.298460576263763,0.7716828597979616,0.82,0.45331036173924116,0.48844852247622284,0.8692400000000001,0.43000000000000005,0,5,6,11,11,0.7400548471300071,0.7331728408123795
20,draw,-0.11859309070718771,0.07178685464640613,0.19037994535359384,8.997784466739692,4.072487862907001,0.7957166453476702,0.82,0.45,0.4865768546464062,0.8725999999999999,0.43000000000000005,2,3,5,12,12,0.7245419192789511,0.6929539079071659
21,draw,-0.11553568970660533,0.07082315514669738,0.1863588448533027,10.56595418635496,6.469354125683148,0.7758228556468911,0.82,0.45,0.49059795514669735,0.86456,0.43000000000000005,2,2,3,12,12,0.7320329491128118,0.7189116477794892
22,draw,-0.09473547122142378,0.08397606438928809,0.17871153561071187,10.797327658421347,7.006348794260273,0.7267623420490719,0.82,0.45,0.4982452643892881,0.87344,0.43000000000000005,2,1,0,10,11,0.6804159113950798,0.6777927043693841
23,draw,-0.10914611084937953,0.07569194457531028,0.1848380554246898,10.4980880473478,7.6461188934261095,0.7426196099275884,0.82,0.45,0.49211874457531024,0.8699600000000001,0.43000000000000005,1,0,1,11,11,0.6888590338712979,0.7021581597606535
24,draw,-0.1046140729439774,0.07836716352801124,0.18298123647198863,10.993643289543112,7.752212233690481,0.7524531361634282,0.82,0.45,0.49397556352801136,0.8712799999999998,0.43000000000000005,0,2,2,11,10,0.7123932596643158,0.6670992329457983
25,draw,-0.11016451813029893,0.07544314093485052,0.18560765906514945,10.978722815185675,7.9674000851740985,0.7548530022552622,0.82,0.45,0.49134914093485055,0.8708,0.43000000000000005,0,1,2,11,11,0.7043031808147702,0.6706126105259075
26,draw,-0.10091067122142372,0.07780086438928815,0.17871153561071187,11.412989736205096,8.387955316031796,0.7186664650426827,0.82,0.45192632956720524,0.4982452643892881,0.86348,0.43000000000000005,0,1,0,11,9,0.6877267082331401,0.6626746375373983
27,draw,-0.10899731084937953,0.07584074457531029,0.1848380554246898,10.278008596184858,5.8204750012080835,0.7869339915172756,0.82,0.45,0.49211874457531024,0.8702000000000001,0.43000000000000005,0,0,1,10,10,0.6823655553332376,0.6438447003271776
28,draw,-0.11819293224937005,0.06889933387531497,0.18709226612468502,9.435153518861355,7.513263238907109,0.746059842161544,0.82,0.45600329039203674,0.489864533875315,0.86264,0.43000000000000005,1,3,4,11,11,0.6628955243044454,0.7107633625981418
29,draw,-0.10066679639514975,0.07889000180242514,0.1795567981975749,8.084334829615553,7.489176208389837,0.7254081721812984,0.82,0.45,0.4974000018024251,0.8666,0.43000000000000005,1,2,1,11,11,0.6980632857244707,0.6888046778447644
30,draw,-0.11568448970660539,0.07067435514669732,0.1863588448533027,10.543756270720147,7.094288194545816,0.7625862226130367,0.82,0.45,0.49059795514669735,0.86432,0.43000000000000005,0,2,3,11,10,0.6678103341239896,0.6178707677801938
31,draw,-0.10622024139750164,0.0751460793012492,0.18136632069875083,10.515211600452034,7.769058409945362,0.753990093097055,0.82,0.45,0.4955904793012492,0.86348,0.43000000000000005,1,0,0,11,11,0.7010539612575747,0.6876178736282849
32,draw,-0.10349807294397728,0.07948316352801135,0.18298123647198863,9.73874207986863,6.392450435011946,0.7690932069651957,0.82,0.4501031289453188,0.49397556352801136,0.87308,0.43000000000000005,0,2,2,11,10,0.7224656791324183,0.6582424640689916
33,draw,-0.10718173224937,0.07991053387531502,0.18709226612468502,10.680674286321192,7.297393977616913,0.7466024164466571,0.82,0.4507844653920491,0.489864533875315,0.8804000000000001,0.43000000000000005,1,3,4,11,11,0.705280183034555,0.6797955940636419
34,draw,-0.10473224139750165,0.07663407930124919,0.18136632069875083,11.559236705527189,8.294069027830755,0.7390661895197295,0.82,0.45787322290402466,0.4955904793012492,0.86588,0.43000000000000005,2,0,0,9,12,0.6469262788731116,0.7121823473968731
35,red,-0.12090337557608649,0.06735811221195673,0.18826148778804322,9.516503558456332,8.882682433906274,0.7288218565187137,0.82,0.45,0.4886953122119568,0.8620399999999999,0.43000000000000005,0,0,2,10,12,0.6529439678810782,0.7034250386989779
36,draw,-0.10563829134992225,0.08217025432503886,0.1878085456749611,10.97303005262653,7.09405097628258,0.7540482993059062,0.82,0.4600119629293177,0.4891482543250389,0.8852,0.43000000000000005,0,4,5,11,10,0.7155992079659597,0.7003861313349351
37,red,-0.1206620377467098,0.07097558112664507,0.19163761887335487,10.540127267039075,8.392106436718809,0.7318120533350815,0.82,0.45,0.4853191811266451,0.8733199999999999,0.43000000000000005,1,0,3,10,11,0.6990298032481929,0.6841808550145078
38,draw,-0.09761639639514974,0.08194040180242515,0.1795567981975749,11.993362662104639,6.661867373217681,0.7528461425148694,0.82,0.45,0.4974000018024251,0.8715200000000001,0.43000000000000005,0,2,1,10,10,0.6817032860609041,0.6463936023249285
39,draw,-0.11142931813029894,0.07417834093485051,0.18560765906514945,10.154158792681029,6.557315338897341,0.7761071179425773,0.82,0.45,0.49134914093485055,0.86876,0.43000000000000005,0,1,2,11,10,0.6656490053304506,0.6827285734607729
40,draw,-0.10468211084937962,0.0801559445753102,0.1848380554246898,10.63843200265514,6.786656061518295,0.7622178936333579,0.82,0.45,0.49211874457531024,0.8771599999999999,0.43000000000000005,0,0,1,10,10,0.6872546464571557,0.6324699177681705
41,draw,-0.11240869134992221,0.0753998543250389,0.1878085456749611,10.41606696186085,5.6640436230682365,0.7782219113905311,0.82,0.45,0.4891482543250389,0.8742800000000001,0.43000000000000005,2,4,5,11,12,0.7242476820589996,0.6962719083716308
42,draw,-0.09458667122142372,0.08412486438928815,0.17871153561071187,9.915356359900109,6.998283941588167,0.7617916138715752,0.82,0.46131394985738455,0.4982452643892881,0.87368,0.43000000000000005,1,1,0,11,11,0.6844856668099266,0.6739344612959554
43,draw,-0.09280107122142378,0.0859104643892881,0.17871153561071187,10.662498269657206,8.162876905651647,0.735092715416219,0.82,0.45,0.4982452643892881,0.87656,0.43000000000000005,3,1,0,11,12,0.7178132189712539,0.6934690318951083
44,draw,-0.09810845125181095,0.08407517437409448,0.18218362562590543,10.721142611345552,5.895524471700275,0.7579231196728436,0.82,0.45,0.49477317437409457,0.8791999999999999,0.43000000000000005,3,1,1,12,13,0.6906661554185861,0.6808477104289404
45,draw,-0.11434309134992227,0.07346545432503884,0.1878085456749611,10.12441027739907,6.220894510471623,0.7731369681869765,0.82,0.45,0.4891482543250389,0.8711599999999999,0.43000000000000005,0,4,5,12,10,0.7310708819695918,0.6479240392121912
46,draw,-0.11254531813029889,0.07306234093485056,0.18560765906514945,9.279557722414228,5.460853750792759,0.7885600666212265,0.82,0.4506337609905202,0.49134914093485055,0.8669600000000001,0.43000000000000005,2,1,2,11,11,0.7107633625981418,0.7048183048027127
47,draw,-0.11308048970660539,0.07327835514669731,0.1863588448533027,10.30346220378355,7.276330016208024,0.7612828828270902,0.82,0.452885395177495,0.49059795514669735,0.86852,0.43000000000000005,1,2,3,10,11,0.6810837413180341,0.6682365191596574
48,draw,-0.11826733224937003,0.06882493387531499,0.18709226612468502,10.469941437115551,7.178941887772117,0.7677198480399063,0.82,0.4507986116458213,0.489864533875315,0.8625200000000001,0.43000000000000005,1,3,4,11,11,0.7046229276867537,0.6923291401961698
49,red,-0.1269607548607437,0.0627298225696282,0.1896905774303719,10.423316975218121,8.734645368369165,0.7217082384977002,0.82,0.45,0.48726622256962815,0.8568800000000001,0.43000000000000005,1,2,4,11,12,0.697979960771333,0.7150534047060604
50,draw,-0.10354184139750167,0.07782447930124917,0.18136632069875083,10.92654034149839,6.996213397731861,0.7625126710396265,0.82,0.45,0.4955904793012492,0.8677999999999999,0.43000000000000005,1,0,0,10,11,0.6622865007885269,0.6675637286606873
51,red,-0.12462701612403582,0.06642629193798213,0.19105330806201795,9.816710107982562,7.7039906858948015,0.7540074830617224,0.82,0.4532690939898463,0.4859034919379821,0.86504,0.43000000000000005,1,4,6,11,11,0.7098501273610942,0.6864879564295799
52,draw,-0.10808131813029886,0.07752634093485058,0.18560765906514945,11.020512071856695,7.498258704256467,0.7557167335413065,0.82,0.4501383296797561,0.49134914093485055,0.87416,0.43000000000000005,1,1,2,12,11,0.6876866545352394,0.6445008454042309
53,red,-0.12034085356999746,0.06864377321500129,0.18898462678499875,10.544328097551924,6.6353950766337215,0.7602147115817675,0.82,0.45,0.4879721732150013,0.8652799999999999,0.43000000000000005,1,1,3,12,12,0.730959429881375,0.719216459574908
54,draw,-0.11892555486074374,0.07076502256962816,0.1896905774303719,11.219182063688688,7.174662613290677,0.7671511537663611,0.82,0.45,0.48726622256962815,0.8698400000000001,0.43000000000000005,2,2,4,11,12,0.6816450797284729,0.7265448089732088
55,draw,-0.11671171813029885,0.0688959409348506,0.18560765906514945,6.847178661630377,6.402944624982814,0.7764982495408862,0.82,0.45,0.49134914093485055,0.8602400000000001,0.43000000000000005,0,1,2,11,11,0.6548060455295043,0.6710964916978631
56,draw,-0.10473224139750165,0.07663407930124919,0.18136632069875083,11.519862771114521,8.247278388425203,0.7348823090093869,0.82,0.45,0.4955904793012492,0.86588,0.43000000000000005,0,0,0,11,10,0.6919117660421011,0.6906510112987422
57,draw,-0.11059351251985716,0.07392664374007143,0.1845201562599286,11.20390780769862,7.570944738643537,0.7410488010038253,0.82,0.45,0.4924366437400714,0.8666,0.43000000000000005,1,4,4,11,13,0.7091240911060234,0.7318808432520899
58,red,-0.1224657755760864,0.06579571221195682,0.18826148778804322,8.975573429725733,7.1705091751705465,0.771732147645052,0.82,0.45,0.4886953122119568,0.8595200000000001,0.43000000000000005,0,0,2,11,12,0.7073363184849131,0.7188590020979935
59,draw,-0.08004145482204522,0.09344347258897742,0.17348492741102264,9.171311170737082,7.15507270808763,0.7571523162147841,0.82,0.45,0.5034718725889774,0.8802800000000001,0.43000000000000005,2,3,0,11,9,0.696989766493034,0.6284412071562102
60,draw,-0.10587251084937954,0.07896554457531027,0.1848380554246898,11.216693158055216,8.234966465400879,0.7436437653454094,0.82,0.45,0.49211874457531024,0.87524,0.43000000000000005,1,0,1,11,10,0.7065064082010035,0.6721254948535589
61,draw,-0.10287005125181081,0.07931357437409461,0.18218362562590543,10.584152552629828,7.1461325761303796,0.7524631246409353,0.82,0.4505602681894633,0.49477317437409457,0.8715200000000001,0.43000000000000005,0,1,1,10,11,0.6786245340425545,0.6735825279394017
62,draw,-0.10074119639514978,0.07881560180242511,0.1795567981975749,9.849549472309562,7.7367226954130155,0.7533071464650791,0.82,0.45,0.4974000018024251,0.86648,0.43000000000000005,2,2,1,12,11,0.7037661884364702,0.6540800092744337
63,draw,-0.11847915486074378,0.07121142256962812,0.1896905774303719,10.439592498479577,7.279236088265891,0.7621773626787286,0.82,0.45,0.48726622256962815,0.87056,0.43000000000000005,2,2,4,12,11,0.7002928318806196,0.6986471906196825
64,draw,-0.09967304139750166,0.08169327930124917,0.18136632069875083,10.823192106090653,6.446254050090663,0.7606854040062413,0.82,0.45,0.4955904793012492,0.8740399999999999,0.43000000000000005,0,0,0,10,10,0.6892475616508652,0.6675154968294337
65,draw,-0.1178112535699975,0.07117337321500125,0.18898462678499875,10.651109785317646,6.5292301467087075,0.7545778328824227,0.82,0.45,0.4879721732150013,0.8693599999999999,0.43000000000000005,0,1,3,11,10,0.6691097006991189,0.6478927963962045
66,draw,-0.10592045125181093,0.0762631743740945,0.18218362562590543,10.506255767538743,8.051142044067296,0.7456694608188198,0.82,0.4526077785337221,0.49477317437409457,0.8665999999999999,0.43000000000000005,3,1,1,10,13,0.6988407593711078,0.692873833184692
67,draw,-0.10677167294397727,0.07620956352801136,0.18298123647198863,10.225801530649559,8.171112810897162,0.7275356993819472,0.82,0.45,0.49397556352801136,0.8678,0.43000000000000005,3,2,2,12,11,0.7348027378782391,0.6956240274500881
68,draw,-0.10843591251985724,0.07608424374007136,0.1845201562599286,9.224100005379205,3.5758259877539076,0.7815020951874384,0.82,0.45,0.4924366437400714,0.87008,0.43000000000000005,0,4,4,12,10,0.7400448726291443,0.6675792638121709
69,draw,-0.1024730712214238,0.07623846438928808,0.17871153561071187,10.459656694394175,4.389219941179792,0.7840808550358178,0.82,0.45,0.4982452643892881,0.86096,0.43000000000000005,0,1,0,12,10,0.6919918407639458,0.6529921997126463
70,draw,-0.09673228965469693,0.08022485517265157,0.1769571448273485,11.158901100983229,6.832382917367542,0.7632863779534599,0.82,0.45,0.49999965517265155,0.86456,0.43000000000000005,0,3,1,12,12,0.717061464020243,0.6788015494794455
71,red,-0.1299041851758463,0.06241130741207687,0.19231549258792316,9.713317183517455,7.905362796147958,0.748151528171019,0.82,0.45147894360252633,0.48464130741207684,0.8606,0.43000000000000005,1,1,4,13,10,0.7405017902846557,0.6617713768005844
72,draw,-0.09597959639514975,0.08357720180242514,0.1795567981975749,11.047001200212089,7.855615392643808,0.7552935502982824,0.82,0.45,0.4974000018024251,0.87416,0.43000000000000005,1,2,1,11,11,0.7158783010657526,0.6988150406751673
73,draw,-0.11677933224937004,0.07031293387531498,0.18709226612468502,10.75218743963114,7.169948562109547,0.7661777213891846,0.82,0.45,0.489864533875315,0.86492,0.43000000000000005,0,3,4,11,11,0.713355326807536,0.678025485026555
74,draw,-0.10168184139750158,0.07968447930124925,0.18136632069875083,11.344881172822479,7.173376270123973,0.738850915451044,0.82,0.45320375009585734,0.4955904793012492,0.8708,0.43000000000000005,0,0,0,10,10,0.6908288358547753,0.666736214818263
75,draw,-0.11196448970660539,0.07439435514669732,0.1863588448533027,11.358983824523134,7.6739513209679835,0.7540151439637024,0.82,0.45,0.49059795514669735,0.87032,0.43000000000000005,2,2,3,11,12,0.7021730948372182,0.6937048537393494
76,draw,-0.11985971084937957,0.06497834457531024,0.1848380554246898,11.29435633713336,8.460868710010086,0.7241389578543734,0.82,0.45,0.49211874457531024,0.85268,0.43000000000000005,1,0,1,10,12,0.6815676224899896,0.6631585187084099
77,draw,-0.10364687294397723,0.0793343635280114,0.18298123647198863,11.10050877678476,8.018738191011803,0.7513452600262075,0.82,0.46265652582633937,0.49397556352801136,0.8728400000000001,0.43000000000000005,2,2,2,12,10,0.7351400373101488,0.6467566204524636
78,draw,-0.10773251084937957,0.07710554457531024,0.1848380554246898,10.785570743399568,6.810469572827778,0.7514812105362378,0.82,0.45,0.49211874457531024,0.87224,0.43000000000000005,1,0,1,10,12,0.7050292170701554,0.6965428233374418
79,red,-0.12014629134992222,0.06766225432503889,0.1878085456749611,9.9065901945967,6.928197155664838,0.7682749001564702,0.82,0.4524784353198589,0.4891482543250389,0.8618,0.43000000000000005,1,4,5,12,11,0.7118930707526235,0.676925647024888
80,draw,-0.11796005356999739,0.07102457321500136,0.18898462678499875,10.838446969451434,7.491799891424116,0.7596801422035176,0.82,0.45042102030115966,0.4879721732150013,0.8691200000000001,0.43000000000000005,1,1,3,12,12,0.6959182646700394,0.7037190668753354
81,draw,-0.10869971084937963,0.07613834457531019,0.1848380554246898,10.646740877096352,5.935640698193286,0.7710638666846665,0.82,0.45537702812876396,0.49211874457531024,0.8706799999999999,0.43000000000000005,0,0,1,10,11,0.6784605342926529,0.6628016247761547
82,draw,-0.11181568970660538,0.07454315514669732,0.1863588448533027,10.912248441749375,7.463697336302824,0.7581029623580707,0.82,0.45,0.49059795514669735,0.87056,0.43000000000000005,0,2,3,11,10,0.7212827252215216,0.6850358839197535
83,draw,-0.1168074907071876,0.07357245464640624,0.19037994535359384,10.665836708558228,7.681297339245024,0.7496862124753654,0.82,0.45,0.4865768546464062,0.87548,0.43000000000000005,3,3,5,13,12,0.7496221171100863,0.7227116845208015
84,draw,-0.10234925125181082,0.0798343743740946,0.18218362562590543,11.493690157351557,8.617395563449636,0.7247203541633843,0.82,0.45052841545975586,0.49477317437409457,0.87236,0.43000000000000005,1,1,1,11,12,0.7176503294917854,0.7019321033727377
85,draw,-0.09944984139750157,0.08191647930124926,0.18136632069875083,10.9550071666823,8.135153341139373,0.7153911578297605,0.82,0.45,0.4955904793012492,0.8744000000000001,0.43000000000000005,2,0,0,11,11,0.7037090923751016,0.6491690497604726
86,draw,-0.09034587122142379,0.08836566438928808,0.17871153561071187,10.2610004705494,7.0175977957166396,0.7518259126319567,0.82,0.4606995009465676,0.4982452643892881,0.88052,0.43000000000000005,0,1,0,11,10,0.7005031440734579,0.647597959101334
87,draw,-0.09637227122142378,0.0823392643892881,0.17871153561071187,10.567480061518003,7.824025061033236,0.7120584695313262,0.82,0.45,0.4982452643892881,0.8708,0.43000000000000005,1,1,0,11,10,0.7062121709807374,0.6729503912129364
88,draw,-0.11294051084937956,0.07189754457531025,0.1848380554246898,11.101147053942567,7.470897135489697,0.7535873445033355,0.82,0.45,0.49211874457531024,0.86384,0.43000000000000005,1,0,1,10,13,0.6789756582805954,0.7146591437622236
89,draw,-0.10056584139750174,0.08080047930124909,0.18136632069875083,11.088072245774766,5.232867289415902,0.742732692185145,0.82,0.459533550317539,0.4955904793012492,0.8725999999999998,0.43000000000000005,1,0,0,12,11,0.7083290648994607,0.6280264504848735
90,draw,-0.11271731084937953,0.07212074457531029,0.1848380554246898,10.276156853719721,6.743052291200813,0.7575507281472551,0.82,0.45,0.49211874457531024,0.8642000000000001,0.43000000000000005,1,0,1,11,12,0.6772091905048684,0.7054071702736261
91,red,-0.12557352509873515,0.06740383745063247,0.19297736254936762,9.808902604240338,6.911859012659052,0.767730201783844,0.82,0.45,0.48397943745063243,0.86972,0.43000000000000005,0,2,5,11,10,0.7023000820766039,0.6624792604211246
92,draw,-0.10200371084937954,0.08283434457531028,0.1848380554246898,10.412987436094133,7.767945835497504,0.7394187978634618,0.82,0.45,0.49211874457531024,0.88148,0.43000000000000005,0,0,1,10,10,0.6633524419605862,0.6862519255417451
93,draw,-0.09721784139750167,0.08414847930124916,0.18136632069875083,11.478000339786803,7.859961569182351,0.7388170467980198,0.82,0.4506855432716821,0.4955904793012492,0.8779999999999999,0.43000000000000005,0,0,0,10,9,0.7043719617223541,0.6607449791305972
94,draw,-0.10744127294397732,0.07553996352801132,0.18298123647198863,10.298605462938879,6.894056022522455,0.742944671154624,0.82,0.45532191777170256,0.49397556352801136,0.8667199999999999,0.43000000000000005,3,2,2,12,10,0.7110149286371457,0.6214659013845817
95,draw,-0.11379271251985723,0.07072744374007137,0.1845201562599286,10.388355440344728,6.933776969395217,0.7661678765470374,0.82,0.46491358339997635,0.4924366437400714,0.86144,0.43000000000000005,1,4,4,11,11,0.6925538772694294,0.6856937393418446
96,draw,-0.0992244512518109,0.08295917437409453,0.18218362562590543,12.022647248003707,8.148377291449274,0.7454464898857597,0.82,0.45,0.49477317437409457,0.8774,0.43000000000000005,0,1,1,11,11,0.6794011985700493,0.6689614451442948
97,draw,-0.11505751251985724,0.06946264374007136,0.1845201562599286,10.829791944097447,6.928108043508198,0.765360294111353,0.82,0.45725895509827624,0.4924366437400714,0.8593999999999999,0.43000000000000005,1,4,4,11,11,0.6960177248492656,0.6755274203454515
98,draw,-0.09967085125181091,0.08251277437409452,0.18218362562590543,11.212080504063692,6.972200583398478,0.752296635804023,0.82,0.45,0.49477317437409457,0.8766799999999999,0.43000000000000005,0,1,1,10,11,0.6664495556573745,0.6823988520879264
99,draw,-0.09815787122142372,0.08055366438928815,0.17871153561071187,10.867600294167998,8.07985300783788,0.7502348897073096,0.82,0.45,0.4982452643892881,0.86792,0.43000000000000005,2,1,0,10,10,0.6793386764081307,0.6529558617705726
100,red,-0.12820893527434762,0.06861573236282617,0.1968246676371738,10.896517769587193,6.679281910061163,0.7536730817671538,0.82,0.45,0.4801321323628262,0.87788,0.43000000000000005,1,3,7,11,12,0.6948778331500124,0.7206254698734059
101,draw,-0.10947751251985716,0.07504264374007144,0.1845201562599286,9.070181406871995,5.015935180293185,0.7971011383918198,0.82,0.46395615071042207,0.4924366437400714,0.8684000000000001,0.43000000000000005,1,4,4,13,11,0.759636330246072,0.6877015896121186
102,draw,-0.10535171084937961,0.0794863445753102,0.1848380554246898,12.331978693863258,6.2539217333097525,0.7412530746773418,0.82,0.4581528554812872,0.49211874457531024,0.87608,0.43000000000000005,0,0,1,10,10,0.6528687191848647,0.6592376189233066
103,red,-0.12209741612403585,0.0689558919379821,0.19105330806201795,10.390752430809005,8.4001978370639,0.7549616914602292,0.82,0.4568104180121742,0.4859034919379821,0.86912,0.43000000000000005,1,4,6,12,10,0.6946456525671312,0.6886329774840113
104,draw,-0.09553319639514973,0.08402360180242516,0.1795567981975749,11.372582379722832,7.127540760720437,0.7471921080352908,0.82,0.464179002259166,0.4974000018024251,0.8748800000000001,0.43000000000000005,2,2,1,12,11,0.694750845910312,0.6898098071996279
105,draw,-0.10353965125181086,0.07864397437409457,0.18218362562590543,11.568112017113275,6.873514387147283,0.7499930054703786,0.82,0.45400911568303953,0.49477317437409457,0.87044,0.43000000000000005,0,1,1,11,10,0.7017112166053758,0.6824927516165318
106,draw,-0.11099728970660538,0.07536155514669732,0.1863588448533027,10.78056462665727,6.714687453255382,0.7625856585627295,0.82,0.45,0.49059795514669735,0.87188,0.43000000000000005,2,2,3,12,11,0.7190537791393481,0.6864779819290315
107,draw,-0.09877805125181083,0.0834055743740946,0.18218362562590543,10.830240362653155,7.688133556532271,0.7562915166735399,0.82,0.45,0.49477317437409457,0.87812,0.43000000000000005,0,1,1,11,10,0.698873847081888,0.644617858143383
108,draw,-0.11978349070718769,0.07059645464640615,0.19037994535359384,10.204718559844956,5.514775228129987,0.781337499376064,0.82,0.4594307355125784,0.4865768546464062,0.8706799999999999,0.43000000000000005,0,3,5,11,10,0.6899305356939778,0.6749433064066459
109,draw,-0.11404549134992226,0.07376305432503885,0.1878085456749611,10.889024878954771,6.7317912475662345,0.7697639109740043,0.82,0.45,0.4891482543250389,0.87164,0.43000000000000005,1,4,5,10,12,0.6890956648343665,0.7245776124751252
110,draw,-0.10145645125181091,0.08072717437409452,0.18218362562590543,10.86886785123388,6.869160145732503,0.755039365301103,0.82,0.45,0.49477317437409457,0.8737999999999999,0.43000000000000005,1,1,1,12,10,0.7121291016407729,0.6829646043489224
111,draw,-0.11283613224937,0.07425613387531502,0.18709226612468502,10.651504598401782,8.03288072936097,0.7420031505898077,0.82,0.45,0.489864533875315,0.87128,0.43000000000000005,2,3,4,11,11,0.7011121675896911,0.7051131420975831
112,draw,-0.10743697557608639,0.08082451221195683,0.18826148778804322,10.585877537597863,8.295098913028246,0.7319013018063644,0.82,0.45,0.4886953122119568,0.8837600000000001,0.43000000000000005,1,0,2,10,11,0.69206002159724,0.70237904652833
113,draw,-0.11644301612403585,0.0746102919379821,0.19105330806201795,10.570151434944883,7.135882166293223,0.7586026655277375,0.82,0.46203075430864055,0.4859034919379821,0.87824,0.43000000000000005,3,4,6,11,13,0.7110363315029692,0.7290935019267366
114,draw,-0.10004504139750159,0.08132127930124924,0.18136632069875083,11.043213494092724,6.519440128762234,0.7653893275031476,0.82,0.45,0.4955904793012492,0.87344,0.43000000000000005,0,0,0,9,10,0.6492997527560002,0.6617125703938634
115,draw,-0.0980834712214238,0.08062806438928807,0.17871153561071187,10.80235043261958,7.934331996793519,0.7547419390466298,0.82,0.45,0.4982452643892881,0.8680399999999999,0.43000000000000005,1,1,0,11,11,0.7107633625981418,0.671143269665019
116,draw,-0.09309867122142379,0.08561286438928808,0.17871153561071187,10.913949551671331,7.256501413585123,0.7413492390936499,0.82,0.4561504948726521,0.4982452643892881,0.87608,0.43000000000000005,2,1,0,11,11,0.6884960157437625,0.6767367376978733
117,draw,-0.10949491813029893,0.07611274093485051,0.18560765906514945,10.398233276276518,8.179909387245145,0.7301639298007233,0.82,0.45,0.49134914093485055,0.87188,0.43000000000000005,4,1,2,12,12,0.7124081947405658,0.6872078684893705
118,draw,-0.11840645356999746,0.07057817321500129,0.18898462678499875,11.049756092972038,7.490273765042801,0.7619669285417687,0.82,0.45,0.4879721732150013,0.8684,0.43000000000000005,1,1,3,11,11,0.7032039428877075,0.6675994218568614
119,red,-0.12269997777734809,0.07092381111132598,0.19362378888867407,6.996555871781062,5.841981082341823,0.7892686150729313,0.82,0.45934713772471797,0.4833330111113259,0.8764400000000001,0.43000000000000005,1,3,6,12,12,0.737378957892556,0.6954336109098306
120,draw,-0.10532851813029898,0.08027914093485047,0.18560765906514945,10.913315069217209,7.534994605154939,0.7627620804232336,0.82,0.45,0.49134914093485055,0.8785999999999999,0.43000000000000005,1,1,2,11,10,0.697642061264819,0.638356769231483
121,draw,-0.1125705755760864,0.07569091221195681,0.18826148778804322,11.797027169167048,7.801337251544784,0.7564821780361304,0.82,0.45,0.4886953122119568,0.87548,0.43000000000000005,0,0,2,10,11,0.6895268637945666,0.6903149566870219
122,draw,-0.10203751251985715,0.08248264374007144,0.1845201562599286,8.898081520893442,5.654072085919346,0.7818663812547079,0.82,0.45,0.4924366437400714,0.8804000000000001,0.43000000000000005,0,4,4,11,10,0.6861731701336129,0.6855741211182427
123,draw,-0.10994131813029889,0.07566634093485056,0.18560765906514945,11.025465925302885,7.921642986309567,0.7440240730136775,0.82,0.45,0.49134914093485055,0.87116,0.43000000000000005,0,1,2,11,9,0.7105173572094438,0.6194318839394134
124,draw,-0.10840847294397726,0.07457276352801137,0.18298123647198863,10.286849320009935,6.9085640662229615,0.7588502753512978,0.82,0.4519738810846023,0.49397556352801136,0.86516,0.43000000000000005,1,2,2,12,11,0.7305808766026708,0.6782126840085321
125,draw,-0.11561008970660536,0.07074875514669735,0.1863588448533027,10.252470914122833,6.669543819562418,0.7384115722777512,0.82,0.45,0.49059795514669735,0.86444,0.43000000000000005,2,2,3,13,11,0.7428038777751957,0.6883538843839038
126,draw,-0.10928608970660536,0.07707275514669734,0.1863588448533027,10.48470688586117,6.368053421058388,0.7735960048199078,0.82,0.45,0.49059795514669735,0.87464,0.43000000000000005,0,2,3,11,10,0.7160254463501436,0.6849419843914627
127,red,-0.12361445356999745,0.0653701732150013,0.18898462678499875,10.44486591158248,8.426836565762445,0.7387637732274617,0.82,0.45,0.4879721732150013,0.86,0.43000000000000005,2,1,3,11,11,0.6780404201031197,0.7117003111203403
128,draw,-0.10495325125181082,0.0772303743740946,0.18218362562590543,10.191188865384735,5.800809446157794,0.7731548753508779,0.82,0.45,0.49477317437409457,0.86816,0.43000000000000005,1,1,1,11,12,0.669597297626587,0.6733871508231278
129,draw,-0.11639765356999748,0.07258697321500127,0.18898462678499875,10.574766032733828,7.099280226625244,0.7393150399855063,0.82,0.45,0.4879721732150013,0.87164,0.43000000000000005,1,1,3,12,11,0.7136650991786565,0.7007491494621557
130,draw,-0.11768603774670972,0.07395158112664516,0.19163761887335487,11.42303181440819,7.461250050686786,0.7328643984717826,0.82,0.45,0.4853191811266451,0.87812,0.43000000000000005,0,0,3,10,10,0.6718206830581402,0.6879376205005828
131,draw,-0.10989217557608644,0.07836931221195678,0.18826148778804322,9.391737012378133,6.802249794409028,0.7463677837853283,0.82,0.45,0.4886953122119568,0.8798,0.43000000000000005,0,0,2,10,11,0.6690766129883386,0.667368351544728
132,draw,-0.10439087294397731,0.07859036352801133,0.18298123647198863,11.455819982444192,6.919973635349516,0.7572096066104864,0.82,0.45,0.49397556352801136,0.87164,0.43000000000000005,1,2,2,12,10,0.7363387354161227,0.6885522046674367
133,draw,-0.09736664139750156,0.08399967930124927,0.18136632069875083,10.941232782691655,8.553293054314372,0.7312040032582371,0.82,0.45,0.4955904793012492,0.8777600000000001,0.43000000000000005,0,0,0,10,9,0.7075723493733772,0.642941048560297
134,draw,-0.11152897557608649,0.07673251221195673,0.18826148778804322,10.500199966827202,8.442890226266659,0.7105677308579474,0.82,0.45,0.4886953122119568,0.8771599999999999,0.43000000000000005,1,0,2,11,11,0.6686785017389189,0.6973527846205692
135,draw,-0.11492415504755438,0.07358412247622284,0.18850827752377722,9.922391971045077,5.872252411948956,0.7759800692962696,0.82,0.45259837628747357,0.48844852247622284,0.87248,0.43000000000000005,1,5,6,11,11,0.7136344199073289,0.6895889204319514
136,draw,-0.10105199530822251,0.07932980234588874,0.18038179765411125,10.375353232770644,8.024708045278933,0.7406859597702571,0.82,0.4572391374845922,0.4965750023458888,0.8686399999999999,0.43000000000000005,2,3,2,13,11,0.750221166125771,0.6873605744246968
137,draw,-0.10718744139750158,0.07417887930124925,0.18136632069875083,11.1451210535591,8.60860197385264,0.731791441049351,0.82,0.45,0.4955904793012492,0.86192,0.43000000000000005,0,0,0,11,9,0.6878075175799744,0.6511619649548114
138,draw,-0.10756051813029888,0.07804714093485057,0.18560765906514945,10.090642089331503,7.213246237764903,0.7467719885215178,0.82,0.45,0.49134914093485055,0.875,0.43000000000000005,1,1,2,11,10,0.7023690720277815,0.6719046080858826
139,draw,-0.09714344139750164,0.08422287930124919,0.18136632069875083,11.258267608058583,9.056468573966303,0.717467894988354,0.82,0.4609526827673868,0.4955904793012492,0.87812,0.43000000000000005,1,0,0,10,10,0.6806525423578338,0.6306496575105695
140,draw,-0.09885245125181086,0.08333117437409457,0.18218362562590543,9.42656500671408,6.994191275282639,0.7613299288209099,0.82,0.452504130251343,0.49477317437409457,0.878,0.43000000000000005,0,1,1,11,11,0.6887944943003075,0.686208863329787
141,draw,-0.10120827122142378,0.07750326438928809,0.17871153561071187,11.170391424472497,7.7778047357316185,0.7605854019217849,0.82,0.45,0.4982452643892881,0.863,0.43000000000000005,0,1,0,11,9,0.6849419843911482,0.6375837459656628
142,draw,-0.10401251084937957,0.08082554457531024,0.1848380554246898,10.886490512602732,8.061108340590998,0.7439563984319477,0.82,0.45,0.49211874457531024,0.87824,0.43000000000000005,2,0,1,11,11,0.6946087145507677,0.6852467961865668
143,draw,-0.10899731084937953,0.07584074457531029,0.1848380554246898,10.70834010303225,7.3372568796341175,0.7637931382449378,0.82,0.45,0.49211874457531024,0.8702000000000001,0.43000000000000005,0,0,1,10,10,0.6928849179566174,0.6703710555177116
144,red,-0.12305938517584636,0.0692561074120768,0.19231549258792316,10.561991228047557,8.576870275426417,0.7489993304858548,0.82,0.4528792985371461,0.48464130741207684,0.87164,0.43000000000000005,1,1,4,11,11,0.703163289115517,0.7055112533466882
145,red,-0.13192381179768575,0.06233149410115715,0.1942553058988429,9.437482165510923,7.7912209306195965,0.7491063625787393,0.82,0.45,0.48270149410115715,0.8636,0.43000000000000005,2,4,7,12,11,0.7374628829202983,0.7030951082828523
146,red,-0.12284141612403587,0.06821189193798208,0.19105330806201795,9.462370846620193,6.258989590512199,0.7825771514578871,0.82,0.45,0.4859034919379821,0.86792,0.43000000000000005,0,4,6,10,10,0.6716473088822945,0.6949184869225175
147,red,-0.12261069070718766,0.06776925464640618,0.19037994535359384,10.614772089046856,8.171003717482549,0.7512242820940825,0.82,0.4515451971499061,0.4865768546464062,0.86612,0.43000000000000005,0,3,5,12,11,0.7083823106555609,0.7193585909350814
148,draw,-0.10056365125181094,0.08161997437409449,0.18218362562590543,11.690565903926139,6.920484119520106,0.7451826690310507,0.82,0.45,0.49477317437409457,0.8752399999999999,0.43000000000000005,0,1,1,10,10,0.6586993817248176,0.6316592989618661
149,draw,-0.10356839639514981,0.07598840180242508,0.1795567981975749,11.141348331130073,6.658491065677749,0.7363470914537221,0.82,0.45,0.4974000018024251,0.86192,0.43000000000000005,0,2,1,12,11,0.7333480598830188,0.6889427498551317
150,draw,-0.10237799639514977,0.07717880180242512,0.1795567981975749,10.31840252613279,6.984905734513685,0.7590570857922548,0.82,0.45,0.4974000018024251,0.86384,0.43000000000000005,1,2,1,11,11,0.6798906038623659,0.6945148150224769
151,draw,-0.10525085125181088,0.07693277437409454,0.18218362562590543,10.495008208391521,8.474812248114143,0.7368484066302033,0.82,0.45,0.49477317437409457,0.86768,0.43000000000000005,2,1,1,13,10,0.7198737149223946,0.6737492677247676
152,draw,-0.11201773224937006,0.07507453387531496,0.18709226612468502,9.906936639304332,5.845952694177361,0.7721416892060323,0.82,0.4532686440984018,0.489864533875315,0.8725999999999999,0.43000000000000005,1,3,4,11,11,0.6821602037164154,0.6702651275495412
153,draw,-0.11254205125181083,0.0696415743740946,0.18218362562590543,10.452129761817174,8.35321659871224,0.7511977984187533,0.82,0.45,0.49477317437409457,0.85592,0.43000000000000005,0,1,1,12,11,0.7326726519006871,0.6728672753033923
154,draw,-0.1146285181302989,0.07097914093485055,0.18560765906514945,10.216629236468389,8.022568210631066,0.7344901110750447,0.82,0.45,0.49134914093485055,0.8636,0.43000000000000005,0,1,2,11,11,0.668225434388676,0.6910040549254145
155,draw,-0.10654331319312038,0.07721654340343978,0.18375985659656016,11.089100384328965,7.671211085103505,0.7567118127268544,0.82,0.45,0.49319694340343984,0.8706799999999999,0.43000000000000005,1,3,3,12,11,0.7401130534618092,0.6725736828290257
156,draw,-0.10438679639514975,0.07517000180242514,0.1795567981975749,10.122930302848676,7.078807853472592,0.7722150954711982,0.82,0.45,0.4974000018024251,0.8606,0.43000000000000005,2,2,1,12,12,0.7161093713775711,0.6917909029973661
157,draw,-0.10428691813029894,0.0813207409348505,0.18560765906514945,11.410151575598547,5.7282493285714535,0.7691610812134002,0.82,0.45840266332448176,0.49134914093485055,0.88028,0.43000000000000005,0,1,2,10,10,0.6826504181275597,0.6700035870099889
158,red,-0.1297679777773481,0.06385581111132596,0.19362378888867407,9.606760158031168,7.713778145128111,0.7623183490593933,0.82,0.45386628873996704,0.4833330111113259,0.86504,0.43000000000000005,0,3,6,11,10,0.6909295408538758,0.6710750888326689
159,draw,-0.10443245125181089,0.07775117437409454,0.18218362562590543,11.320219956006687,7.824540000986283,0.7580858572568372,0.82,0.45,0.49477317437409457,0.869,0.43000000000000005,1,1,1,11,12,0.6729410167866778,0.7044552866748628
160,draw,-0.11212211084937962,0.07271594457531019,0.1848380554246898,10.572423279405553,8.289456362164607,0.7427345240050702,0.82,0.45,0.49211874457531024,0.8651599999999999,0.43000000000000005,0,0,1,10,9,0.6766565284259581,0.6385925910760387
161,draw,-0.11096551251985715,0.07355464374007145,0.1845201562599286,9.575560100071794,6.2126947571764966,0.7778059159332206,0.82,0.45935677147442544,0.4924366437400714,0.8660000000000001,0.43000000000000005,2,4,4,11,11,0.7276007756450343,0.6900089000710994
162,draw,-0.10190504139750162,0.07946127930124922,0.18136632069875083,8.872500452955723,7.485031177902852,0.7579174279955131,0.82,0.45,0.4955904793012492,0.87044,0.43000000000000005,0,0,0,9,10,0.6373351230936035,0.671211659541907
163,draw,-0.10691531319312036,0.0768445434034398,0.18375985659656016,10.315001777777297,7.588662038163292,0.7311366280806444,0.82,0.45,0.49319694340343984,0.87008,0.43000000000000005,4,3,3,12,14,0.7155152829379028,0.744723051485305
164,draw,-0.10413485125181082,0.0780487743740946,0.18218362562590543,11.06721448958411,7.641159426496987,0.7604084043480633,0.82,0.45,0.49477317437409457,0.86948,0.43000000000000005,0,1,1,11,10,0.6838278113875209,0.6594254179798881
165,draw,-0.11536573224936997,0.07172653387531505,0.18709226612468502,11.104048445141594,5.076621863930676,0.7504478982635054,0.82,0.45,0.489864533875315,0.8672000000000001,0.43000000000000005,0,3,4,11,11,0.72086150076187,0.7079880497123534
166,draw,-0.10558127294397723,0.0773999635280114,0.18298123647198863,11.350873037473688,7.872844751820867,0.7424615514519071,0.82,0.45507429068392563,0.49397556352801136,0.86972,0.43000000000000005,0,2,2,11,10,0.7121723728966395,0.6915448976092975
167,draw,-0.10691411084937952,0.0779239445753103,0.1848380554246898,9.695226382700254,7.857264309272154,0.721547903985853,0.82,0.4513278674010301,0.49211874457531024,0.8735600000000001,0.43000000000000005,2,0,1,11,12,0.6550263322225763,0.726981777627938
168,draw,-0.10267967294397723,0.0803015635280114,0.18298123647198863,10.85864602641345,7.407111318578584,0.7360530530400556,0.82,0.45,0.49397556352801136,0.8744000000000001,0.43000000000000005,2,2,2,12,11,0.7239253177033402,0.6742348227111867
169,draw,-0.0990506712214238,0.07966086438928807,0.17871153561071187,11.588812497110613,6.256402011083771,0.7496252909019671,0.82,0.45,0.4982452643892881,0.8664799999999999,0.43000000000000005,1,1,0,12,9,0.6690415198661395,0.5971600249886009
170,draw,-0.10691531319312031,0.07684454340343985,0.18375985659656016,7.646991769041037,5.819003329293557,0.7880520057835241,0.82,0.45,0.49319694340343984,0.8700800000000001,0.43000000000000005,0,3,3,12,10,0.7165712496094135,0.6683842645189675
171,draw,-0.11068531813029886,0.07492234093485059,0.18560765906514945,9.466764813943211,6.1452060550819345,0.7788631776693841,0.82,0.45,0.49134914093485055,0.8699600000000001,0.43000000000000005,0,1,2,11,10,0.6853889275464258,0.6634200592489063
172,draw,-0.1066644512518109,0.07551917437409453,0.18218362562590543,11.646245283107762,7.322589002880252,0.7417587954438404,0.82,0.4551763607038074,0.49477317437409457,0.8654,0.43000000000000005,1,1,1,11,10,0.693789378842011,0.6789592159911028
173,draw,-0.10763165125181084,0.07455197437409458,0.18218362562590543,11.067437881399727,7.8893576160760555,0.7457884491325478,0.82,0.4569023504442222,0.49477317437409457,0.86384,0.43000000000000005,0,1,1,10,11,0.6463096772971861,0.6751793372944809
174,draw,-0.11232211813029891,0.07328554093485054,0.18560765906514945,7.385585308960794,7.046567911635801,0.7504817918210557,0.82,0.45310181036033825,0.49134914093485055,0.86732,0.43000000000000005,0,1,2,11,10,0.6600882339779954,0.6694302566899301
175,draw,-0.10331864139750158,0.07804767930124926,0.18136632069875083,11.211529576682052,8.363028186374148,0.7172737213270385,0.82,0.45,0.4955904793012492,0.86816,0.43000000000000005,1,0,0,10,11,0.6901940936429163,0.6818036533778247
176,draw,-0.11789533224936999,0.06919693387531503,0.18709226612468502,9.666295865172025,5.655512031758248,0.7816264615240532,0.82,0.45216046688574296,0.489864533875315,0.8631200000000001,0.43000000000000005,0,3,4,10,10,0.6913670730532644,0.6923697939686749
177,red,-0.12102013224937008,0.06607213387531494,0.18709226612468502,9.118292863045339,8.142061349585179,0.7646132596094125,0.82,0.4617356658641981,0.489864533875315,0.85808,0.43000000000000005,1,3,4,11,9,0.7033411136715501,0.6724934735574252
178,draw,-0.11315269134992223,0.07465585432503888,0.1878085456749611,10.5931533691576,6.157068443126493,0.7749602362060574,0.82,0.45,0.4891482543250389,0.87308,0.43000000000000005,0,4,5,11,10,0.7250676178423611,0.6803264622469766
179,draw,-0.11859697557608645,0.06966451221195677,0.18826148778804322,11.901367326500225,8.06962187421845,0.7451948790419003,0.82,0.45160096534060845,0.4886953122119568,0.86576,0.43000000000000005,2,0,2,10,12,0.6664957700801856,0.712603571856525
180,draw,-0.1157445181302989,0.06986314093485055,0.18560765906514945,10.278541257404866,7.738977702180766,0.7512224675799343,0.82,0.45,0.49134914093485055,0.8618,0.43000000000000005,1,1,2,11,10,0.694804091666727,0.6597571932914365
181,draw,-0.10713851319312029,0.07662134340343987,0.18375985659656016,10.688972757292351,7.000946693354795,0.7582540158536101,0.82,0.4565991331423257,0.49319694340343984,0.86972,0.43000000000000005,2,3,3,12,11,0.7386358623306465,0.6850996509021761
182,draw,-0.10145864139750166,0.07990767930124917,0.18136632069875083,11.888794312406137,7.414807912301316,0.740323090298619,0.82,0.45,0.4955904793012492,0.8711599999999999,0.43000000000000005,0,0,0,11,9,0.6949766932543194,0.6445376488714677
183,draw,-0.1183485181302989,0.06725914093485055,0.18560765906514945,9.647811374254784,7.824259945864988,0.7421452822815929,0.82,0.45,0.49134914093485055,0.8576,0.43000000000000005,4,1,2,13,13,0.7417429505276687,0.7280746823158123
184,draw,-0.10272125125181086,0.07946237437409456,0.18218362562590543,11.277509236127162,7.371885763914661,0.7420046089122851,0.82,0.45,0.49477317437409457,0.87176,0.43000000000000005,0,1,1,11,10,0.6963169759940636,0.6534058461129203
185,draw,-0.09984839639514975,0.07970840180242514,0.1795567981975749,11.446135904254561,7.955553790139061,0.7463448355195678,0.82,0.45,0.4974000018024251,0.86792,0.43000000000000005,1,2,1,11,12,0.6931159882684363,0.6888259461598881
186,draw,-0.11907435486074369,0.07061622256962821,0.1896905774303719,10.585875015221042,7.648491236512026,0.7520112997729097,0.82,0.4515807379422837,0.48726622256962815,0.8696000000000002,0.43000000000000005,0,2,4,11,11,0.6779234073642825,0.6847735707913187
187,draw,-0.09937544139750165,0.08199087930124918,0.18136632069875083,10.435352239355977,6.476243661627755,0.7728810299762382,0.82,0.45,0.4955904793012492,0.87452,0.43000000000000005,0,0,0,10,10,0.6772304588206215,0.6607292349352049
188,draw,-0.0957770712214237,0.08293446438928817,0.17871153561071187,10.347207480633763,7.893828276360318,0.7387663469410332,0.82,0.45,0.4982452643892881,0.8717600000000001,0.43000000000000005,0,1,0,12,9,0.7339676579744048,0.6595830844912306
189,draw,-0.09944765125181082,0.0827359743740946,0.18218362562590543,10.612461545405013,7.3045341993495185,0.7344938660832957,0.82,0.45,0.49477317437409457,0.87704,0.43000000000000005,0,1,1,11,11,0.6844895171155096,0.6652859872029153
190,draw,-0.1186296535699975,0.07035497321500125,0.18898462678499875,10.845411923258007,6.307229182661293,0.7663543431798246,0.82,0.45,0.4879721732150013,0.8680399999999999,0.43000000000000005,1,1,3,11,13,0.6947828233512884,0.6889278147779379
191,draw,-0.11907605356999745,0.0699085732150013,0.18898462678499875,11.216160331730153,7.620702791858822,0.7564108592272175,0.82,0.45,0.4879721732150013,0.86732,0.43000000000000005,1,1,3,11,12,0.6921182279290419,0.7093748480265146
192,red,-0.12097777557608647,0.06728371221195675,0.18826148778804322,9.490368927539945,8.816582346314867,0.7416184446534666,0.82,0.45,0.4886953122119568,0.86192,0.43000000000000005,0,0,2,9,11,0.6519131198309033,0.6799595938135438
193,red,-0.12418061612403586,0.06687269193798209,0.19105330806201795,6.473324932590509,5.872149196840492,0.7816392325409638,0.82,0.45,0.4859034919379821,0.86576,0.43000000000000005,2,4,6,12,11,0.7009600617289693,0.695590939738993
194,draw,-0.10421144139750166,0.07715487930124917,0.18136632069875083,11.470651822923305,6.9602107174808,0.7362605234843875,0.82,0.45,0.4955904793012492,0.8667199999999999,0.43000000000000005,1,0,0,10,9,0.6753753144853589,0.6055537520146163
195,draw,-0.1109085181302989,0.07469914093485056,0.18560765906514945,11.174703911074355,8.925556751951822,0.7140157473774418,0.82,0.45,0.49134914093485055,0.8696,0.43000000000000005,0,1,2,11,10,0.718843466947139,0.6791651676822145
196,draw,-0.11015773224937003,0.07693453387531499,0.18709226612468502,9.91410119823181,6.562405728582642,0.770243366304577,0.82,0.45,0.489864533875315,0.8756,0.43000000000000005,1,3,4,13,10,0.7392448858465651,0.6792484926353524
197,draw,-0.10182845125181089,0.08035517437409453,0.18218362562590543,10.94566952501069,7.698195544558169,0.7423765704000164,0.82,0.4531644328620756,0.49477317437409457,0.8732,0.43000000000000005,0,1,1,12,10,0.7261817908456735,0.675237543626912
198,draw,-0.11565365356999746,0.07333097321500129,0.18898462678499875,10.670847230984483,4.085658390388695,0.745148302464452,0.82,0.45,0.4879721732150013,0.87284,0.43000000000000005,3,1,3,13,11,0.6944304415145225,0.6700035870096742
199,draw,-0.1155048535699974,0.07347977321500135,0.18898462678499875,10.054314938963667,7.787854518588856,0.7300892209318552,0.82,0.45,0.4879721732150013,0.8730800000000001,0.43000000000000005,3,1,3,12,13,0.7155585541934546,0.7435931342869149
